<?xml version="1.0" encoding="UTF-8"?>

<!DOCTYPE mapper
PUBLIC "-//mybatis.org//DTD Mapper 3.0//EN"
"http://mybatis.org/dtd/mybatis-3-mapper.dtd">

<mapper namespace="User"><!-- 매퍼 네임스페이스 명을 Board로 지정. -->
	<insert id="Tem_email" parameterType="u">
		insert into tbl_inyeon_user(email,password,username,cell_phone,user_key,sub_date,user_sort_code) values(#{email},#{password},#{username},#{cell_phone},#{user_key},sysdate,0)
	</insert>
	<select id="conf_Email" parameterType="u" resultType="String">
		select email from tbl_inyeon_user where email=#{email}
	</select>
	<update id="ch_key">
		update tbl_inyeon_user set user_key='hye_ah' where email=#{email} and user_key=#{user_key}
	</update>
	<select id="user_list" resultType="u">
		select * from tbl_inyeon_user
	</select>
	<delete id="auto_del">
		delete from tbl_inyeon_user <![CDATA[where sub_date < (select sysdate - 1 from dual) and user_key != 'hye_ah']]>
	</delete>
	<delete id="test_del">
		delete from tbl_inyeon_user <![CDATA[where sub_date < (select sysdate - 1/(24*60) from dual) and user_key != 'hye_ah']]>
	</delete>
</mapper>




























